constituency_no,constituency_name,constituency_slug,district,candidate_count_2026,party_count_2026,independent_count_2026,top_parties_2026,winner_2021,winner_party_2021,runner_up_2021,runner_up_party_2021,margin_2021,turnout_2021,voters_total_2026,voters_male_2026,voters_female_2026,voters_third_gender_2026,current_mla,current_mla_party,source_url,source_date
1,Gummidipoondi,gummidipoondi,Tiruvallur,15,8,8,"DMK:1, AIADMK:1, NTK:1, TVK:1, BSP:1",Govindarajan T.J,DMK,Prakash M,PMK,50938,78.08,,,,,Govindarajan T.J,DMK,https://erolls.tn.gov.in/acwithcandidate_tnla2026/Form7A.aspx,2026-04-19
2,Ponneri,ponneri,Tiruvallur,13,10,4,"AIADMK:1, INC:1, NTK:1, TVK:1, BSP:1",Durai. Chandrasekar,INC,Balaraman. P,ADMK,9689,78.2,248917,121221,127662,34,Durai. Chandrasekar,INC,https://erolls.tn.gov.in/acwithcandidate_tnla2026/Form7A.aspx,2026-04-19
3,Tiruttani,tiruttani,Tiruvallur,13,8,6,"AIADMK:1, NTK:1, TVK:1, BSP:1, IND:6",S.Chandran,DMK,G.Hari,ADMK,29253,78.76,260084,128642,131417,25,S.Chandran,DMK,https://erolls.tn.gov.in/acwithcandidate_tnla2026/Form7A.aspx,2026-04-19
4,Thiruvallur,thiruvallur,Tiruvallur,14,9,6,"DMK:1, AIADMK:1, NTK:1, TVK:1, BSP:1","Raajendran, V.G.",DMK,"Ramanah, Be Vee",ADMK,22701,77.2,248651,121188,127426,37,"Raajendran, V.G.",DMK,https://erolls.tn.gov.in/acwithcandidate_tnla2026/Form7A.aspx,2026-04-19
5,Poonamallee,poonamallee,Tiruvallur,11,6,6,"DMK:1, NTK:1, TVK:1, BSP:1, IND:6",Krishnaswamy A,DMK,Rajamannar S X,PMK,94110,72.99,363688,176849,186769,70,Krishnaswamy A,DMK,https://erolls.tn.gov.in/acwithcandidate_tnla2026/Form7A.aspx,2026-04-19
6,Avadi,avadi,Tiruvallur,20,11,10,"DMK:1, BJP:1, NTK:1, TVK:1, BSP:1",Nasar S M,DMK,Pandiarajan K,ADMK,55275,67.37,428772,209662,219035,75,Nasar S M,DMK,https://erolls.tn.gov.in/acwithcandidate_tnla2026/Form7A.aspx,2026-04-19
7,Maduravoyal,maduravoyal,Tiruvallur,21,10,12,"DMK:1, AIADMK:1, NTK:1, TVK:1, IND:12",Ganapathy.K,DMK,Benjamin.P,ADMK,31721,60.3,364031,179602,184349,80,Ganapathy.K,DMK,https://erolls.tn.gov.in/acwithcandidate_tnla2026/Form7A.aspx,2026-04-19
8,Ambattur,ambattur,Tiruvallur,23,10,14,"DMK:1, NTK:1, TVK:1, BSP:1, IND:14",Joseph Samuel,DMK,V Alexander,ADMK,42146,62.01,330480,162248,168175,57,Joseph Samuel,DMK,https://erolls.tn.gov.in/acwithcandidate_tnla2026/Form7A.aspx,2026-04-19
9,Madavaram,madavaram,Tiruvallur,15,8,8,"DMK:1, AIADMK:1, NTK:1, TVK:1, BSP:1",Sudharsanam. S,DMK,Moorthy. V,ADMK,57071,66.37,420601,205922,214596,83,Sudharsanam. S,DMK,https://erolls.tn.gov.in/acwithcandidate_tnla2026/Form7A.aspx,2026-04-19
10,Thiruvottiyur,thiruvottiyur,Tiruvallur,15,9,7,"AIADMK:1, NTK:1, TVK:1, BSP:1, IND:7",K.P.Shankar,DMK,K.Kuppan,ADMK,37661,65.15,240586,117181,123289,116,K.P.Shankar,DMK,https://erolls.tn.gov.in/acwithcandidate_tnla2026/Form7A.aspx,2026-04-19
11,Dr.Radhakrishnan Nagar,dr-radhakrishnan-nagar,Chennai,38,10,29,"DMK:1, AIADMK:1, NTK:1, TVK:1, IND:29",Ebenezer. J.J. (@)  John Ebenezer.J,DMK,Raajesh.R.S.,ADMK,42479,70.98,,,,,Ebenezer. J.J. (@)  John Ebenezer.J,DMK,https://erolls.tn.gov.in/acwithcandidate_tnla2026/Form7A.aspx,2026-04-19
12,Perambur,perambur,Chennai,47,17,31,"DMK:1, NTK:1, TVK:1, BSP:1, IND:31",Shekar. R.D,DMK,Dhanapalan N.R,ADMK,54976,63.0,222792,107995,114726,71,Shekar. R.D,DMK,https://erolls.tn.gov.in/acwithcandidate_tnla2026/Form7A.aspx,2026-04-19
13,Kolathur,kolathur,Chennai,35,12,24,"DMK:1, AIADMK:1, NTK:1, TVK:1, BSP:1",M.K. Stalin,DMK,Aadirajaram,ADMK,70384,61.04,207251,99607,107607,37,M.K. Stalin,DMK,https://erolls.tn.gov.in/acwithcandidate_tnla2026/Form7A.aspx,2026-04-19
14,Villivakkam,villivakkam,Chennai,28,7,22,"DMK:1, AIADMK:1, NTK:1, TVK:1, IND:22",A . Vetriazhagan,DMK,J.C.D.Prabhakar,ADMK,37237,55.92,159764,76947,82785,32,A . Vetriazhagan,DMK,https://erolls.tn.gov.in/acwithcandidate_tnla2026/Form7A.aspx,2026-04-19
15,Thiru-Vi-Ka-Nagar,thiru-vi-ka-nagar,Chennai,23,8,16,"DMK:1, AIADMK:1, NTK:1, TVK:1, IND:16",Sivakumar.P,DMK,Kalyani.P.L,ADMK,55013,60.62,178793,85724,93008,61,Sivakumar.P,DMK,https://erolls.tn.gov.in/acwithcandidate_tnla2026/Form7A.aspx,2026-04-19
16,Egmore,egmore,Chennai,18,10,9,"DMK:1, AIADMK:1, NTK:1, TVK:1, IND:9",I.Paranthamen,DMK,B.John Pandian,ADMK,38768,61.13,134879,65677,69149,53,I.Paranthamen,DMK,https://erolls.tn.gov.in/acwithcandidate_tnla2026/Form7A.aspx,2026-04-19
17,Royapuram,royapuram,Chennai,28,9,20,"DMK:1, AIADMK:1, NTK:1, TVK:1, BSP:1",Murthy.R.Idream,DMK,Jayakumar.D,ADMK,27779,62.6,156931,75870,81004,57,Murthy.R.Idream,DMK,https://erolls.tn.gov.in/acwithcandidate_tnla2026/Form7A.aspx,2026-04-19
18,Harbour,harbour,Chennai,23,6,18,"DMK:1, AIADMK:1, NTK:1, TVK:1, BSP:1",Sekarbabu. P.K,DMK,Vinoj. P. Selvam,BJP,27274,57.64,116896,58221,58620,55,Sekarbabu. P.K,DMK,https://erolls.tn.gov.in/acwithcandidate_tnla2026/Form7A.aspx,2026-04-19
19,Chepauk-Thiruvallikeni,chepauk-thiruvallikeni,Chennai,26,7,20,"DMK:1, AIADMK:1, NTK:1, TVK:1, BSP:1",Udhayanidhi Stalin,DMK,Kassali A.V.A,PMK,69355,58.33,163866,79412,84396,58,Udhayanidhi Stalin,DMK,https://erolls.tn.gov.in/acwithcandidate_tnla2026/Form7A.aspx,2026-04-19
20,Thousand Lights,thousand-lights,Chennai,18,6,13,"DMK:1, AIADMK:1, NTK:1, TVK:1, IND:13",Ezhilan N,DMK,Kushboo Sundar,BJP,32462,56.25,153908,73500,80343,65,Ezhilan N,DMK,https://erolls.tn.gov.in/acwithcandidate_tnla2026/Form7A.aspx,2026-04-19
21,Anna Nagar,anna-nagar,Chennai,24,9,16,"DMK:1, AIADMK:1, NTK:1, TVK:1, IND:16",M.K. Mohan,DMK,S. Gokula Indira,ADMK,27445,57.33,181402,87325,94029,48,M.K. Mohan,DMK,https://erolls.tn.gov.in/acwithcandidate_tnla2026/Form7A.aspx,2026-04-19
22,Virugampakkam,virugampakkam,Chennai,24,10,15,"DMK:1, AIADMK:1, NTK:1, TVK:1, IND:15",Amv.Prabhakara Raja,DMK,Virugai V.N.Ravi,ADMK,18367,57.59,196536,95025,101461,50,Amv.Prabhakara Raja,DMK,https://erolls.tn.gov.in/acwithcandidate_tnla2026/Form7A.aspx,2026-04-19
23,Saidapet,saidapet,Chennai,15,8,8,"DMK:1, NTK:1, TVK:1, BSP:1, IND:8",Subramanian. Ma,DMK,Saidai Duraisamy,ADMK,29408,57.36,200697,96950,103685,62,Subramanian. Ma,DMK,https://erolls.tn.gov.in/acwithcandidate_tnla2026/Form7A.aspx,2026-04-19
24,Thiyagarayanagar,thiyagarayanagar,Chennai,26,6,21,"DMK:1, AIADMK:1, NTK:1, TVK:1, IND:21",Karunanithi J,DMK,Sathiyanaarayanan B,ADMK,137,55.99,,,,,Karunanithi J,DMK,https://erolls.tn.gov.in/acwithcandidate_tnla2026/Form7A.aspx,2026-04-19
25,Mylapore,mylapore,Chennai,19,10,10,"DMK:1, BJP:1, NTK:1, TVK:1, BSP:1",Velu.Dha,DMK,Nataraj.R,ADMK,12633,56.6,194731,93017,101691,23,Velu.Dha,DMK,https://erolls.tn.gov.in/acwithcandidate_tnla2026/Form7A.aspx,2026-04-19
26,Velachery,velachery,Chennai,27,11,17,"AIADMK:1, INC:1, NTK:1, TVK:1, BSP:1",Jmh.Aassan Maulaana,INC,M.K.Ashok,ADMK,4352,56.18,211691,102235,109411,45,Jmh.Aassan Maulaana,INC,https://erolls.tn.gov.in/acwithcandidate_tnla2026/Form7A.aspx,2026-04-19
27,Shozhinganallur,shozhinganallur,Chengalpattu,27,10,18,"DMK:1, AIADMK:1, NTK:1, TVK:1, BSP:1",S.Aravindramesh,DMK,K.P.Kandan,ADMK,35405,55.51,536991,262621,274254,116,S.Aravindramesh,DMK,https://erolls.tn.gov.in/acwithcandidate_tnla2026/Form7A.aspx,2026-04-19
28,Alandur,alandur,Kanchipuram,23,11,13,"DMK:1, AIADMK:1, NTK:1, TVK:1, IND:13",T.M.Anbarasan,DMK,B.Valarmathi,ADMK,40571,60.82,296052,143839,152173,40,T.M.Anbarasan,DMK,https://erolls.tn.gov.in/acwithcandidate_tnla2026/Form7A.aspx,2026-04-19
29,Sriperumbudur,sriperumbudur,Kanchipuram,13,9,5,"AIADMK:1, INC:1, NTK:1, TVK:1, IND:5",Selvaperunthagai,INC,Palani,ADMK,10879,73.94,375921,181852,194007,62,Selvaperunthagai,INC,https://erolls.tn.gov.in/acwithcandidate_tnla2026/Form7A.aspx,2026-04-19
30,Pallavaram,pallavaram,Chengalpattu,23,13,11,"AIADMK:1, NTK:1, TVK:1, BSP:1, IND:11",Karunanithi,DMK,Rajendran,ADMK,37781,60.86,330217,161197,168996,24,Karunanithi,DMK,https://erolls.tn.gov.in/acwithcandidate_tnla2026/Form7A.aspx,2026-04-19
31,Tambaram,tambaram,Chengalpattu,15,10,6,"DMK:1, AIADMK:1, NTK:1, TVK:1, BSP:1",Raja.S.R,DMK,Chinnaiyah.T.K.M,ADMK,36824,59.55,323677,157580,166046,51,Raja.S.R,DMK,https://erolls.tn.gov.in/acwithcandidate_tnla2026/Form7A.aspx,2026-04-19
32,Chengalpattu,chengalpattu,Chengalpattu,15,7,9,"DMK:1, AIADMK:1, NTK:1, TVK:1, BSP:1",Varalakshmi.M,DMK,Gajendran.M,ADMK,26665,63.54,366400,178076,188267,57,Varalakshmi.M,DMK,https://erolls.tn.gov.in/acwithcandidate_tnla2026/Form7A.aspx,2026-04-19
33,Thiruporur,thiruporur,Chengalpattu,11,8,4,"NTK:1, TVK:1, BSP:1, IND:4, MMK:1",S.S.Balaji,VCK,Arumugam.K,PMK,1947,76.36,289401,140991,148359,51,S.S.Balaji,VCK,https://erolls.tn.gov.in/acwithcandidate_tnla2026/Form7A.aspx,2026-04-19
34,Cheyyur,cheyyur,Chengalpattu,13,7,7,"AIADMK:1, NTK:1, TVK:1, IND:7, AIPTMMK:1",Babu M,VCK,Kanitha S,ADMK,4042,77.88,202055,100103,101934,18,Babu M,VCK,https://erolls.tn.gov.in/acwithcandidate_tnla2026/Form7A.aspx,2026-04-19
35,Madurantakam,madurantakam,Chengalpattu,9,8,2,"DMK:1, AIADMK:1, NTK:1, TVK:1, BSP:1",Maragatham. K,ADMK,Sathya. C.E,DMK,3570,80.65,,,,,Maragatham. K,ADMK,https://erolls.tn.gov.in/acwithcandidate_tnla2026/Form7A.aspx,2026-04-19
36,Uthiramerur,uthiramerur,Kanchipuram,14,7,8,"DMK:1, NTK:1, TVK:1, IND:8, DMSK:1",Sundar K,DMK,Somasundaram V,ADMK,1622,80.1,243922,118564,125300,58,Sundar K,DMK,https://erolls.tn.gov.in/acwithcandidate_tnla2026/Form7A.aspx,2026-04-19
37,Kancheepuram,kancheepuram,Kanchipuram,15,8,8,"DMK:1, AIADMK:1, NTK:1, TVK:1, IND:8",C.V.M.P. Ezhailzrasan,DMK,P. Magesh Kumar,PMK,11595,73.28,276299,133825,142437,37,C.V.M.P. Ezhailzrasan,DMK,https://erolls.tn.gov.in/acwithcandidate_tnla2026/Form7A.aspx,2026-04-19
38,Arakkonam,arakkonam,Ranipet,13,8,6,"AIADMK:1, NTK:1, TVK:1, BSP:1, IND:6",S.Ravi,ADMK,Gowthama Sannah.J,VCK,27169,74.89,,,,,S.Ravi,ADMK,https://erolls.tn.gov.in/acwithcandidate_tnla2026/Form7A.aspx,2026-04-19
39,Sholinghur,sholinghur,Ranipet,23,9,15,"INC:1, NTK:1, TVK:1, BSP:1, IND:15",A.M.Munirathinam,INC,A.M.Krishnan,PMK,26698,80.09,256118,126034,130072,12,A.M.Munirathinam,INC,https://erolls.tn.gov.in/acwithcandidate_tnla2026/Form7A.aspx,2026-04-19
40,Katpadi,katpadi,Vellore,15,10,6,"DMK:1, AIADMK:1, NTK:1, TVK:1, BSP:1",Duraimurugan,DMK,V Ramu,ADMK,746,74.0,225809,108863,116914,32,Duraimurugan,DMK,https://erolls.tn.gov.in/acwithcandidate_tnla2026/Form7A.aspx,2026-04-19
41,Ranipet,ranipet,Ranipet,15,8,8,"DMK:1, BJP:1, NTK:1, TVK:1, BSP:1",R.Gandhi,DMK,S.M.Sugumar,ADMK,16498,77.24,245853,119090,126719,44,R.Gandhi,DMK,https://erolls.tn.gov.in/acwithcandidate_tnla2026/Form7A.aspx,2026-04-19
42,Arcot,arcot,Ranipet,14,10,5,"DMK:1, AIADMK:1, NTK:1, TVK:1, BSP:1",J.L.Eswarappan,DMK,Elavazagan.K.L,PMK,19958,79.62,243565,119107,124429,29,J.L.Eswarappan,DMK,https://erolls.tn.gov.in/acwithcandidate_tnla2026/Form7A.aspx,2026-04-19
43,Vellore,vellore,Vellore,15,12,4,"DMK:1, AIADMK:1, NTK:1, TVK:1, IND:4",Karthikeyan .P,DMK,Appu S.R.K,ADMK,9181,70.25,211063,101554,109460,49,Karthikeyan .P,DMK,https://erolls.tn.gov.in/acwithcandidate_tnla2026/Form7A.aspx,2026-04-19
44,Anaikattu,anaikattu,Vellore,13,9,5,"DMK:1, AIADMK:1, NTK:1, TVK:1, IND:5",A.P.Nandakumar,DMK,D.Velazhagan,ADMK,6360,77.05,234738,113833,120863,42,A.P.Nandakumar,DMK,https://erolls.tn.gov.in/acwithcandidate_tnla2026/Form7A.aspx,2026-04-19
45,Kilvaithinankuppam,kilvaithinankuppam,Vellore,11,7,5,"DMK:1, AIADMK:1, NTK:1, TVK:1, IND:5",M.Jagan Moorthy,ADMK,K Seetharaman,DMK,10582,76.5,213451,104458,108985,8,M.Jagan Moorthy,ADMK,https://erolls.tn.gov.in/acwithcandidate_tnla2026/Form7A.aspx,2026-04-19
46,Gudiyattam,gudiyattam,Vellore,11,8,4,"AIADMK:1, NTK:1, TVK:1, BSP:1, IND:4",Amulu.V,DMK,Paritha.G,ADMK,6901,72.56,,,,,Amulu.V,DMK,https://erolls.tn.gov.in/acwithcandidate_tnla2026/Form7A.aspx,2026-04-19
47,Vaniyambadi,vaniyambadi,Tirupathur,15,9,7,"AIADMK:1, NTK:1, TVK:1, BSP:1, IND:7",G.Sendhil Kumar,ADMK,N.Mohammed Nayeem,IUML,4904,75.55,,,,,G.Sendhil Kumar,ADMK,https://erolls.tn.gov.in/acwithcandidate_tnla2026/Form7A.aspx,2026-04-19
48,Ambur,ambur,Tirupathur,16,11,6,"DMK:1, AIADMK:1, NTK:1, TVK:1, BSP:1",Vilwanathan.A.C,DMK,Nazar Mohamed.K,ADMK,20232,74.01,212631,103478,109113,40,Vilwanathan.A.C,DMK,https://erolls.tn.gov.in/acwithcandidate_tnla2026/Form7A.aspx,2026-04-19
49,Jolarpet,jolarpet,Tirupathur,19,11,9,"DMK:1, AIADMK:1, NTK:1, TVK:1, BSP:1",Devaraji.K.,DMK,Veeramani.K.C.,ADMK,1091,80.98,233830,115656,118154,20,Devaraji.K.,DMK,https://erolls.tn.gov.in/acwithcandidate_tnla2026/Form7A.aspx,2026-04-19
50,Tirupathur,tirupathur,Tirupathur,24,11,14,"DMK:1, NTK:1, TVK:1, BSP:1, IND:14",A. Nallathambi,DMK,Kr.Periyakaruppan,DMK,28240,76.97,273456,134270,139183,3,A. Nallathambi,DMK,https://erolls.tn.gov.in/acwithcandidate_tnla2026/Form7A.aspx,2026-04-19
51,Uthangarai,uthangarai,Krishnagiri,13,9,5,"AIADMK:1, INC:1, NTK:1, TVK:1, IND:5",T.M.Tamilselvam,ADMK,S.Arumugam,INC,28387,78.37,233500,116918,116541,41,T.M.Tamilselvam,ADMK,https://erolls.tn.gov.in/acwithcandidate_tnla2026/Form7A.aspx,2026-04-19
52,Bargur,bargur,Krishnagiri,15,10,6,"DMK:1, AIADMK:1, NTK:1, TVK:1, BSP:1",Mathiazhagan D,DMK,Krishnan A,ADMK,12614,79.08,237349,117135,120197,17,Mathiazhagan D,DMK,https://erolls.tn.gov.in/acwithcandidate_tnla2026/Form7A.aspx,2026-04-19
53,Krishnagiri,krishnagiri,Krishnagiri,15,10,6,"AIADMK:1, INC:1, NTK:1, TVK:1, BSP:1",Ashokkumar.K,ADMK,Senguttuvan.T,DMK,794,78.5,265037,129777,135200,60,Ashokkumar.K,ADMK,https://erolls.tn.gov.in/acwithcandidate_tnla2026/Form7A.aspx,2026-04-19
54,Veppanahalli,veppanahalli,Krishnagiri,13,8,6,"DMK:1, AIADMK:1, NTK:1, TVK:1, IND:6",K.P.Munusamy,ADMK,P.Murugan,DMK,3054,81.31,243875,123389,120449,37,K.P.Munusamy,ADMK,https://erolls.tn.gov.in/acwithcandidate_tnla2026/Form7A.aspx,2026-04-19
55,Hosur,hosur,Krishnagiri,13,7,7,"DMK:1, AIADMK:1, NTK:1, TVK:1, IND:7",Prakaash Y,DMK,Jyothi S,ADMK,12367,70.09,338295,169099,169124,72,Prakaash Y,DMK,https://erolls.tn.gov.in/acwithcandidate_tnla2026/Form7A.aspx,2026-04-19
56,Thalli,thalli,Krishnagiri,10,7,4,"BJP:1, NTK:1, TVK:1, IND:4, AMK:1",Ramachandran.T,CPI,Dr.Nagesh Kumar.C,BJP,56226,77.06,235984,120000,115947,37,Ramachandran.T,CPI,https://erolls.tn.gov.in/acwithcandidate_tnla2026/Form7A.aspx,2026-04-19
57,Palacode,palacode,Dharmapuri,14,8,7,"DMK:1, AIADMK:1, NTK:1, TVK:1, IND:7",Anbalagan.K.P.,ADMK,Murugan.P.K.,DMK,28100,87.37,,,,,Anbalagan.K.P.,ADMK,https://erolls.tn.gov.in/acwithcandidate_tnla2026/Form7A.aspx,2026-04-19
58,Pennagaram,pennagaram,Dharmapuri,22,9,14,"INC:1, NTK:1, TVK:1, BSP:1, IND:14",Mani. G.K,PMK,Inbasekaran. P.N.P,DMK,21186,85.0,246293,126763,119521,9,Mani. G.K,PMK,https://erolls.tn.gov.in/acwithcandidate_tnla2026/Form7A.aspx,2026-04-19
59,Dharmapuri,dharmapuri,Dharmapuri,19,10,10,"NTK:1, TVK:1, IND:10, AJPK:1, DMDK:1",Venkateshwaran.S.P.,PMK,Subramani.P,DMK,26860,79.69,257939,129393,128464,82,Venkateshwaran.S.P.,PMK,https://erolls.tn.gov.in/acwithcandidate_tnla2026/Form7A.aspx,2026-04-19
60,Pappireddipatti,pappireddipatti,Dharmapuri,14,9,6,"DMK:1, AIADMK:1, NTK:1, TVK:1, IND:6",Govindasamy.A,ADMK,Prabhurajasekar.M,DMK,36943,82.15,,,,,Govindasamy.A,ADMK,https://erolls.tn.gov.in/acwithcandidate_tnla2026/Form7A.aspx,2026-04-19
61,Harur,harur,Dharmapuri,14,11,4,"DMK:1, AIADMK:1, NTK:1, TVK:1, BSP:1",Sampathkumar.V,ADMK,Kumar.A,CPM,30362,78.46,243742,121453,122264,25,Sampathkumar.V,ADMK,https://erolls.tn.gov.in/acwithcandidate_tnla2026/Form7A.aspx,2026-04-19
62,Chengam,chengam,Tiruvannamalai,15,8,8,"DMK:1, AIADMK:1, NTK:1, TVK:1, IND:8",Giri.M.P,DMK,Nainakannu.M.S,ADMK,11570,80.66,266629,132571,134045,13,Giri.M.P,DMK,https://erolls.tn.gov.in/acwithcandidate_tnla2026/Form7A.aspx,2026-04-19
63,Tiruvannamalai,tiruvannamalai,Tiruvannamalai,30,12,19,"DMK:1, BJP:1, NTK:1, TVK:1, BSP:1",E V Velu,DMK,S Thanigaivel,BJP,94673,71.69,247309,119784,127477,48,E V Velu,DMK,https://erolls.tn.gov.in/acwithcandidate_tnla2026/Form7A.aspx,2026-04-19
64,Kilpennathur,kilpennathur,Tiruvannamalai,23,9,15,"DMK:1, AIADMK:1, NTK:1, TVK:1, IND:15",K.Pitchandi,DMK,K.Selvakumar,PMK,26787,79.35,238913,117840,121058,15,K.Pitchandi,DMK,https://erolls.tn.gov.in/acwithcandidate_tnla2026/Form7A.aspx,2026-04-19
65,Kalasapakkam,kalasapakkam,Tiruvannamalai,21,8,14,"DMK:1, AIADMK:1, NTK:1, TVK:1, IND:14",Saravanan.P.S.T,DMK,Panneerselvam.V,ADMK,9222,80.36,230766,114155,116592,19,Saravanan.P.S.T,DMK,https://erolls.tn.gov.in/acwithcandidate_tnla2026/Form7A.aspx,2026-04-19
66,Polur,polur,Tiruvannamalai,15,10,6,"NTK:1, TVK:1, IND:6, ACDP:1, AJPK:1",Agri Krishnamurthy. S S,ADMK,Sekaran. K.V,DMK,9725,82.33,232426,114221,118196,9,Agri Krishnamurthy. S S,ADMK,https://erolls.tn.gov.in/acwithcandidate_tnla2026/Form7A.aspx,2026-04-19
67,Arani,arani,Tiruvannamalai,24,10,15,"DMK:1, AIADMK:1, NTK:1, TVK:1, IND:15",S.Ramachandran,ADMK,S.S.Anbalagan,DMK,3128,79.84,253022,123335,129650,37,S.Ramachandran,ADMK,https://erolls.tn.gov.in/acwithcandidate_tnla2026/Form7A.aspx,2026-04-19
68,Cheyyar,cheyyar,Tiruvannamalai,13,12,2,"DMK:1, AIADMK:1, NTK:1, TVK:1, IND:2",Jothi. O,DMK,Dusi. K. Mohan,ADMK,12271,81.69,238283,117159,121115,9,Jothi. O,DMK,https://erolls.tn.gov.in/acwithcandidate_tnla2026/Form7A.aspx,2026-04-19
69,Vandavasi,vandavasi,Tiruvannamalai,15,9,7,"DMK:1, AIADMK:1, NTK:1, TVK:1, IND:7",Ambethkumar S,DMK,Murali S,PMK,35953,76.81,211811,104662,107144,5,Ambethkumar S,DMK,https://erolls.tn.gov.in/acwithcandidate_tnla2026/Form7A.aspx,2026-04-19
70,Gingee,gingee,Villupuram,19,11,9,"DMK:1, NTK:1, TVK:1, BSP:1, IND:9",Masthan K S,DMK,Rajendiran P,PMK,35803,78.21,240957,119278,121651,28,Masthan K S,DMK,https://erolls.tn.gov.in/acwithcandidate_tnla2026/Form7A.aspx,2026-04-19
71,Mailam,mailam,Villupuram,21,14,8,"AIADMK:1, NTK:1, TVK:1, BSP:1, IND:8",Sivakumar C,PMK,Dr. Masilamani R,DMK,2230,79.5,207665,103451,104195,19,Sivakumar C,PMK,https://erolls.tn.gov.in/acwithcandidate_tnla2026/Form7A.aspx,2026-04-19
72,Tindivanam,tindivanam,Villupuram,14,9,6,"AIADMK:1, NTK:1, TVK:1, BSP:1, IND:6",Arjunan P,ADMK,Seethapathy P,DMK,9753,78.43,217609,106762,110836,11,Arjunan P,ADMK,https://erolls.tn.gov.in/acwithcandidate_tnla2026/Form7A.aspx,2026-04-19
73,Vanur,vanur,Villupuram,15,8,8,"DMK:1, AIADMK:1, NTK:1, TVK:1, BSP:1",Chakrapani M,ADMK,Vanni Arasu,VCK,21727,79.79,207984,101938,106030,16,Chakrapani M,ADMK,https://erolls.tn.gov.in/acwithcandidate_tnla2026/Form7A.aspx,2026-04-19
74,Viluppuram,viluppuram,Villupuram,24,8,17,"DMK:1, AIADMK:1, NTK:1, TVK:1, BSP:1",Lakshmanan R,DMK,Shanmugam C Ve,ADMK,14868,76.97,,,,,Lakshmanan R,DMK,https://erolls.tn.gov.in/acwithcandidate_tnla2026/Form7A.aspx,2026-04-19
75,Vikravandi,vikravandi,Villupuram,24,12,13,"DMK:1, NTK:1, TVK:1, BSP:1, IND:13",Pugazhenthi N,DMK,Muthamilselvan R,ADMK,9573,81.39,227355,112050,115276,29,Pugazhenthi N,DMK,https://erolls.tn.gov.in/acwithcandidate_tnla2026/Form7A.aspx,2026-04-19
76,Tirukkoyilur,tirukkoyilur,Villupuram,15,8,8,"DMK:1, AIADMK:1, NTK:1, TVK:1, BSP:1",K.Ponmudy,DMK,Vat.Kalivaradhan,BJP,59680,76.27,241003,121023,119948,32,K.Ponmudy,DMK,https://erolls.tn.gov.in/acwithcandidate_tnla2026/Form7A.aspx,2026-04-19
77,Ulundurpettai,ulundurpettai,Kallakurichi,14,7,8,"DMK:1, AIADMK:1, NTK:1, TVK:1, IND:8",Manikannan A J,DMK,Kumaraguru R,ADMK,5256,82.62,,,,,Manikannan A J,DMK,https://erolls.tn.gov.in/acwithcandidate_tnla2026/Form7A.aspx,2026-04-19
78,Rishivandiyam,rishivandiyam,Kallakurichi,25,11,15,"DMK:1, NTK:1, TVK:1, BSP:1, IND:15",Karthikeyan K,DMK,Santhosh S A,ADMK,41728,80.18,,,,,Karthikeyan K,DMK,https://erolls.tn.gov.in/acwithcandidate_tnla2026/Form7A.aspx,2026-04-19
79,Sankarapuram,sankarapuram,Kallakurichi,22,10,13,"DMK:1, AIADMK:1, NTK:1, TVK:1, BSP:1",Udhayasuriyan T,DMK,Dr.Raja G,PMK,45963,79.58,263136,130231,132859,46,Udhayasuriyan T,DMK,https://erolls.tn.gov.in/acwithcandidate_tnla2026/Form7A.aspx,2026-04-19
80,Kallakurichi,kallakurichi,Kallakurichi,11,5,7,"AIADMK:1, NTK:1, TVK:1, IND:7, VCK:1",Senthilkumar.M,ADMK,Manirathinem.K.I,INC,25891,78.16,278762,137649,141044,69,Senthilkumar.M,ADMK,https://erolls.tn.gov.in/acwithcandidate_tnla2026/Form7A.aspx,2026-04-19
81,Gangavalli,gangavalli,Salem,13,9,5,"DMK:1, AIADMK:1, NTK:1, TVK:1, BSP:1","Nallathambi,A.",ADMK,"Rekha Priyadharshini,J.",DMK,7361,77.11,216794,105720,111067,7,"Nallathambi,A.",ADMK,https://erolls.tn.gov.in/acwithcandidate_tnla2026/Form7A.aspx,2026-04-19
82,Attur,attur,Salem,15,8,8,"AIADMK:1, INC:1, NTK:1, TVK:1, BSP:1","Jayasankaran, A.P.",ADMK,"Chinnadurai, K.",DMK,8257,77.26,226481,109943,116517,21,"Jayasankaran, A.P.",ADMK,https://erolls.tn.gov.in/acwithcandidate_tnla2026/Form7A.aspx,2026-04-19
83,Yercaud,yercaud,Salem,13,8,6,"DMK:1, AIADMK:1, NTK:1, TVK:1, BSP:1",G. Chitra,ADMK,C. Tamilselvan,DMK,25955,83.09,270529,132685,137827,17,G. Chitra,ADMK,https://erolls.tn.gov.in/acwithcandidate_tnla2026/Form7A.aspx,2026-04-19
84,Omalur,omalur,Salem,15,7,9,"AIADMK:1, NTK:1, TVK:1, IND:9, AJPK:1",R.Mani,ADMK,Rangarajan Mohan Kumaramangalam,INC,55294,83.28,291866,148764,143081,21,R.Mani,ADMK,https://erolls.tn.gov.in/acwithcandidate_tnla2026/Form7A.aspx,2026-04-19
85,Mettur,mettur,Salem,18,7,12,"DMK:1, AIADMK:1, NTK:1, TVK:1, IND:12",Sadhasivam.S,PMK,Srinivasaperumal.S,DMK,656,75.01,253445,127853,125575,17,Sadhasivam.S,PMK,https://erolls.tn.gov.in/acwithcandidate_tnla2026/Form7A.aspx,2026-04-19
86,Edappadi,edappadi,Salem,15,6,10,"DMK:1, AIADMK:1, NTK:1, IND:10, AIPTMMK:1",Edappadi Palaniswami. K,ADMK,Sambathkumar. T,DMK,93802,85.64,,,,,Edappadi Palaniswami. K,ADMK,https://erolls.tn.gov.in/acwithcandidate_tnla2026/Form7A.aspx,2026-04-19
87,Sankari,sankari,Salem,20,8,13,"DMK:1, AIADMK:1, NTK:1, TVK:1, BSP:1","Sundararajan, S.",ADMK,"Rajesh, K.M.",DMK,20045,83.71,258678,130573,128075,30,"Sundararajan, S.",ADMK,https://erolls.tn.gov.in/acwithcandidate_tnla2026/Form7A.aspx,2026-04-19
88,Salem (West),salem-west,Salem,31,9,23,"NTK:1, TVK:1, BSP:1, IND:23, AJPK:1",Arul. R,PMK,Rajendran. A,DMK,21499,71.81,255320,127131,128125,64,Arul. R,PMK,https://erolls.tn.gov.in/acwithcandidate_tnla2026/Form7A.aspx,2026-04-19
89,Salem (North),salem-north,Salem,14,7,8,"DMK:1, NTK:1, TVK:1, IND:8, PMK:1",R. Rajendran,DMK,G.Venkatachalam,ADMK,7588,72.14,236088,114816,121224,48,R. Rajendran,DMK,https://erolls.tn.gov.in/acwithcandidate_tnla2026/Form7A.aspx,2026-04-19
90,Salem (South),salem-south,Salem,19,6,14,"DMK:1, AIADMK:1, NTK:1, TVK:1, IND:14",E.Balasubramanian,ADMK,A.S.Saravanan,DMK,22609,76.0,224097,109918,114130,49,E.Balasubramanian,ADMK,https://erolls.tn.gov.in/acwithcandidate_tnla2026/Form7A.aspx,2026-04-19
91,Veerapandi,veerapandi,Salem,20,8,13,"DMK:1, AIADMK:1, NTK:1, TVK:1, IND:13","Rajamuthu, M.",ADMK,"Tharun, A.K.",DMK,19895,85.64,248478,124850,123611,17,"Rajamuthu, M.",ADMK,https://erolls.tn.gov.in/acwithcandidate_tnla2026/Form7A.aspx,2026-04-19
92,Rasipuram,rasipuram,Namakkal,18,10,9,"DMK:1, BJP:1, NTK:1, TVK:1, IND:9",Mathiventhan M,DMK,Saroja V. Dr,ADMK,1952,82.05,220554,107813,112728,13,Mathiventhan M,DMK,https://erolls.tn.gov.in/acwithcandidate_tnla2026/Form7A.aspx,2026-04-19
93,Senthamangalam,senthamangalam,Namakkal,12,8,5,"DMK:1, AIADMK:1, NTK:1, TVK:1, IND:5",Ponnusamy K,DMK,Chandran S,ADMK,10493,80.93,,,,,Ponnusamy K,DMK,https://erolls.tn.gov.in/acwithcandidate_tnla2026/Form7A.aspx,2026-04-19
94,Namakkal,namakkal,Namakkal,27,13,15,"DMK:1, AIADMK:1, NTK:1, TVK:1, BSP:1",Ramalingam P,DMK,Baskar K.P.P.,ADMK,27861,78.57,235351,113217,122093,41,Ramalingam P,DMK,https://erolls.tn.gov.in/acwithcandidate_tnla2026/Form7A.aspx,2026-04-19
95,Paramathi-Velur,paramathi-velur,Namakkal,31,10,22,"DMK:1, AIADMK:1, NTK:1, TVK:1, BSP:1",Sekar S,ADMK,Moorthiy K S,DMK,7662,81.14,203567,97727,105830,10,Sekar S,ADMK,https://erolls.tn.gov.in/acwithcandidate_tnla2026/Form7A.aspx,2026-04-19
96,Tiruchengodu,tiruchengodu,Namakkal,23,10,14,"DMK:1, AIADMK:1, NTK:1, TVK:1, IND:14",Eswaran E R,DMK,Saraswathi Pon,ADMK,2862,78.71,,,,,Eswaran E R,DMK,https://erolls.tn.gov.in/acwithcandidate_tnla2026/Form7A.aspx,2026-04-19
97,Kumarapalayam,kumarapalayam,Namakkal,21,8,14,"DMK:1, AIADMK:1, NTK:1, TVK:1, IND:14",Thangamani.P,ADMK,M.Venkatachalam,DMK,31646,78.85,217224,104916,112239,69,Thangamani.P,ADMK,https://erolls.tn.gov.in/acwithcandidate_tnla2026/Form7A.aspx,2026-04-19
98,Erode (East),erode-east,Erode,20,11,10,"AIADMK:1, INC:1, NTK:1, TVK:1, BSP:1","Thirumahan Everaa,E.",INC,"Yuvaraja,M.",ADMK,8904,66.24,176228,84202,91989,37,"Thirumahan Everaa,E.",INC,https://erolls.tn.gov.in/acwithcandidate_tnla2026/Form7A.aspx,2026-04-19
99,Erode (West),erode-west,Erode,13,10,4,"DMK:1, BJP:1, NTK:1, TVK:1, BSP:1",Muthusamy S,DMK,Ramalingam K V,ADMK,22089,69.36,245493,118206,127246,41,Muthusamy S,DMK,https://erolls.tn.gov.in/acwithcandidate_tnla2026/Form7A.aspx,2026-04-19
100,Modakkurichi,modakkurichi,Erode,14,9,6,"DMK:1, BJP:1, NTK:1, TVK:1, BSP:1",Saraswathi.C,BJP,Subbulakshmi Jegadeesan,DMK,281,75.26,,,,,Saraswathi.C,BJP,https://erolls.tn.gov.in/acwithcandidate_tnla2026/Form7A.aspx,2026-04-19
101,Dharapuram,dharapuram,Erode,9,5,5,"DMK:1, AIADMK:1, NTK:1, TVK:1, IND:5",Kayalvizhi N,DMK,Murugan L,BJP,1393,74.15,220743,106142,114593,8,Kayalvizhi N,DMK,https://erolls.tn.gov.in/acwithcandidate_tnla2026/Form7A.aspx,2026-04-19
102,Kangayam,kangayam,Erode,15,7,9,"DMK:1, AIADMK:1, NTK:1, TVK:1, IND:9",Saminathan.M.P,DMK,Ramalingam.A.S,ADMK,7331,77.19,216646,103784,112849,13,Saminathan.M.P,DMK,https://erolls.tn.gov.in/acwithcandidate_tnla2026/Form7A.aspx,2026-04-19
103,Perundurai,perundurai,Erode,13,8,6,"DMK:1, AIADMK:1, NTK:1, TVK:1, BSP:1","Jayakumar, S.",ADMK,Kkc Balu,DMK,14507,82.6,212084,101851,110225,8,"Jayakumar, S.",ADMK,https://erolls.tn.gov.in/acwithcandidate_tnla2026/Form7A.aspx,2026-04-19
104,Bhavani,bhavani,Erode,14,9,6,"DMK:1, AIADMK:1, NTK:1, TVK:1, BSP:1",Karuppanan.K.C,ADMK,Durairaj.K.P,DMK,22523,83.5,221393,108203,113170,20,Karuppanan.K.C,ADMK,https://erolls.tn.gov.in/acwithcandidate_tnla2026/Form7A.aspx,2026-04-19
105,Anthiyur,anthiyur,Erode,14,9,6,"DMK:1, AIADMK:1, NTK:1, TVK:1, BSP:1",Venkatachalam.A.G,DMK,Shanmugavel.K.S,ADMK,1275,79.69,205737,100339,105371,27,Venkatachalam.A.G,DMK,https://erolls.tn.gov.in/acwithcandidate_tnla2026/Form7A.aspx,2026-04-19
106,Gobichettipalayam,gobichettipalayam,Tirupur,18,8,11,"DMK:1, AIADMK:1, NTK:1, TVK:1, BSP:1",Sengottaiyan K.A,ADMK,Manimaran G.V,DMK,28563,82.52,237581,113378,124190,13,Sengottaiyan K.A,ADMK,https://erolls.tn.gov.in/acwithcandidate_tnla2026/Form7A.aspx,2026-04-19
107,Bhavanisagar,bhavanisagar,Tirupur,12,7,6,"AIADMK:1, NTK:1, TVK:1, BSP:1, IND:6",A.Bannari,ADMK,P.L Sundaram,CPI,16008,77.37,235584,113755,121806,23,A.Bannari,ADMK,https://erolls.tn.gov.in/acwithcandidate_tnla2026/Form7A.aspx,2026-04-19
108,Udhagamandalam,udhagamandalam,Tirupur,6,6,1,"BJP:1, INC:1, NTK:1, TVK:1, IND:1","Ganesh, R.",INC,"Bhojarajan, M.",BJP,5348,67.82,187425,89066,98348,11,"Ganesh, R.",INC,https://erolls.tn.gov.in/acwithcandidate_tnla2026/Form7A.aspx,2026-04-19
109,Gudalur,gudalur,Tirupur,6,6,1,"DMK:1, AIADMK:1, NTK:1, TVK:1, IND:1",Pon.Jayaseelan,ADMK,"Kasilingam, S.",DMK,1945,72.15,183888,89206,94675,7,Pon.Jayaseelan,ADMK,https://erolls.tn.gov.in/acwithcandidate_tnla2026/Form7A.aspx,2026-04-19
110,Coonoor,coonoor,Tirupur,6,5,2,"DMK:1, AIADMK:1, NTK:1, TVK:1, IND:2","Ramachandran, K.",DMK,"Vinoth, D.",ADMK,4105,69.79,175820,83045,92768,7,"Ramachandran, K.",DMK,https://erolls.tn.gov.in/acwithcandidate_tnla2026/Form7A.aspx,2026-04-19
111,Mettuppalayam,mettuppalayam,Tirupur,22,10,13,"DMK:1, AIADMK:1, NTK:1, TVK:1, IND:13",Selvaraj A K,ADMK,Shanmugasundaram T R,DMK,2456,75.14,,,,,Selvaraj A K,ADMK,https://erolls.tn.gov.in/acwithcandidate_tnla2026/Form7A.aspx,2026-04-19
112,Avanashi,avanashi,Tirupur,14,8,7,"DMK:1, BJP:1, NTK:1, TVK:1, BSP:1","Dhanapal, P",ADMK,Athiyamaan Raju,DMK,50902,75.18,250346,119841,130496,9,"Dhanapal, P",ADMK,https://erolls.tn.gov.in/acwithcandidate_tnla2026/Form7A.aspx,2026-04-19
113,Tiruppur (North),tiruppur-north,Tirupur,15,8,8,"AIADMK:1, NTK:1, TVK:1, BSP:1, IND:8",Vijeyakumar.K.N,ADMK,Ravi (Alias) Subramanian . M,CPI,40102,62.44,310138,152351,157662,125,Vijeyakumar.K.N,ADMK,https://erolls.tn.gov.in/acwithcandidate_tnla2026/Form7A.aspx,2026-04-19
114,Tiruppur (South),tiruppur-south,Nilgiris,24,11,14,"DMK:1, BJP:1, NTK:1, TVK:1, BSP:1",Selvaraj. K.,DMK,Gunasekaran. S.,ADMK,4709,62.74,193614,94579,99011,24,Selvaraj. K.,DMK,https://erolls.tn.gov.in/acwithcandidate_tnla2026/Form7A.aspx,2026-04-19
115,Palladam,palladam,Nilgiris,15,8,8,"DMK:1, AIADMK:1, NTK:1, TVK:1, BSP:1",Anandan M S M,ADMK,Muthurathinam K,DMK,32691,66.7,322530,156069,166429,32,Anandan M S M,ADMK,https://erolls.tn.gov.in/acwithcandidate_tnla2026/Form7A.aspx,2026-04-19
116,Sulur,sulur,Nilgiris,15,11,5,"DMK:1, AIADMK:1, NTK:1, TVK:1, IND:5",Kandasamy V.P.,ADMK,Premier Selvam (A)Kalichamy M,DMK,31932,75.57,303541,145987,157452,102,Kandasamy V.P.,ADMK,https://erolls.tn.gov.in/acwithcandidate_tnla2026/Form7A.aspx,2026-04-19
117,Kavundampalayam,kavundampalayam,Coimbatore,14,10,5,"AIADMK:1, INC:1, NTK:1, TVK:1, BSP:1",G.Arunkumar,ADMK,R.Krishnan,DMK,9776,66.13,407507,198430,208963,114,G.Arunkumar,ADMK,https://erolls.tn.gov.in/acwithcandidate_tnla2026/Form7A.aspx,2026-04-19
118,Coimbatore (North),coimbatore-north,Coimbatore,28,11,18,"DMK:1, BJP:1, NTK:1, TVK:1, BSP:1",Amman K.Arjunan,ADMK,Shanmugasundaram V.M,DMK,4001,59.21,291533,143383,148122,28,Amman K.Arjunan,ADMK,https://erolls.tn.gov.in/acwithcandidate_tnla2026/Form7A.aspx,2026-04-19
119,Thondamuthur,thondamuthur,Coimbatore,21,6,16,"DMK:1, AIADMK:1, NTK:1, TVK:1, IND:16",S.P. Velumani,ADMK,Karthikeya,DMK,41630,70.22,287442,138968,148371,103,S.P. Velumani,ADMK,https://erolls.tn.gov.in/acwithcandidate_tnla2026/Form7A.aspx,2026-04-19
120,Coimbatore (South),coimbatore-south,Coimbatore,31,8,24,"DMK:1, AIADMK:1, NTK:1, TVK:1, IND:24",Vanathi Srinivasan,BJP,Kamalhaasan,MNM,1728,60.69,186509,90214,96263,32,Vanathi Srinivasan,BJP,https://erolls.tn.gov.in/acwithcandidate_tnla2026/Form7A.aspx,2026-04-19
121,Singanallur,singanallur,Coimbatore,28,10,19,"AIADMK:1, INC:1, NTK:1, TVK:1, BSP:1","Jayaram, K.R",ADMK,"Karthik, N",DMK,10854,61.73,266058,128758,137277,23,"Jayaram, K.R",ADMK,https://erolls.tn.gov.in/acwithcandidate_tnla2026/Form7A.aspx,2026-04-19
122,Kinathukadavu,kinathukadavu,Coimbatore,5,5,0,"DMK:1, AIADMK:1, NTK:1, TVK:1, GSPI:1",Damodaran.S,ADMK,Kuruchi Prabhakaran,DMK,1095,70.64,300486,144562,155888,36,Damodaran.S,ADMK,https://erolls.tn.gov.in/acwithcandidate_tnla2026/Form7A.aspx,2026-04-19
123,Pollachi,pollachi,Coimbatore,13,6,8,"DMK:1, AIADMK:1, NTK:1, TVK:1, BSP:1",Pollachi V. Jayaraman,ADMK,"Dr. Varadharajan, K.",DMK,1725,77.34,202015,96061,105919,35,Pollachi V. Jayaraman,ADMK,https://erolls.tn.gov.in/acwithcandidate_tnla2026/Form7A.aspx,2026-04-19
124,Valparai,valparai,Coimbatore,6,5,2,"DMK:1, AIADMK:1, NTK:1, TVK:1, IND:2",Amulkandasami T K,ADMK,Arumugam M,CPI,12223,70.04,172284,81504,90759,21,Amulkandasami T K,ADMK,https://erolls.tn.gov.in/acwithcandidate_tnla2026/Form7A.aspx,2026-04-19
125,Udumalaipettai,udumalaipettai,Coimbatore,11,5,7,"DMK:1, AIADMK:1, NTK:1, TVK:1, IND:7","Radhakrishnan,K.",ADMK,"Thennarasu,K.",INC,21895,71.31,,,,,"Radhakrishnan,K.",ADMK,https://erolls.tn.gov.in/acwithcandidate_tnla2026/Form7A.aspx,2026-04-19
126,Madathukulam,madathukulam,Coimbatore,13,6,8,"DMK:1, NTK:1, TVK:1, IND:8, AMMK:1",C Mahendran,ADMK,R.Jayaramakrishnan,DMK,6438,72.45,212742,102309,110417,16,C Mahendran,ADMK,https://erolls.tn.gov.in/acwithcandidate_tnla2026/Form7A.aspx,2026-04-19
127,Palani,palani,Dindigul,15,8,8,"AIADMK:1, NTK:1, TVK:1, BSP:1, IND:8",Senthil Kumar I.P,DMK,Ravi Manoharan K,ADMK,30056,73.33,237359,115728,121582,49,Senthil Kumar I.P,DMK,https://erolls.tn.gov.in/acwithcandidate_tnla2026/Form7A.aspx,2026-04-19
128,Oddanchatram,oddanchatram,Dindigul,14,6,9,"DMK:1, BJP:1, NTK:1, TVK:1, BSP:1",Sakkarapani R,DMK,Nataraj N.P,ADMK,28742,83.08,217698,104519,113177,2,Sakkarapani R,DMK,https://erolls.tn.gov.in/acwithcandidate_tnla2026/Form7A.aspx,2026-04-19
129,Athoor,athoor,Dindigul,15,10,6,"DMK:1, AIADMK:1, NTK:1, TVK:1, BSP:1",Periyasamy I,DMK,Thilagabama M,PMK,135571,77.96,259846,125056,134773,17,Periyasamy I,DMK,https://erolls.tn.gov.in/acwithcandidate_tnla2026/Form7A.aspx,2026-04-19
130,Nilakkottai,nilakkottai,Dindigul,15,9,7,"DMK:1, AIADMK:1, NTK:1, TVK:1, BSP:1",S.Thenmozhi,ADMK,K.Murugavelrajan,DMK,27618,75.07,,,,,S.Thenmozhi,ADMK,https://erolls.tn.gov.in/acwithcandidate_tnla2026/Form7A.aspx,2026-04-19
131,Natham,natham,Dindigul,21,8,14,"DMK:1, AIADMK:1, NTK:1, TVK:1, IND:14",Natham.R.Viswanathan,ADMK,M.A.Andi Ambalam,DMK,11932,78.95,258603,127116,131421,66,Natham.R.Viswanathan,ADMK,https://erolls.tn.gov.in/acwithcandidate_tnla2026/Form7A.aspx,2026-04-19
132,Dindigul,dindigul,Dindigul,20,9,12,"DMK:1, AIADMK:1, NTK:1, TVK:1, IND:12",Sreenivasan.C,ADMK,Pandi.N,CPM,17747,69.27,237679,114893,122765,21,Sreenivasan.C,ADMK,https://erolls.tn.gov.in/acwithcandidate_tnla2026/Form7A.aspx,2026-04-19
133,Vedasandur,vedasandur,Dindigul,15,8,8,"DMK:1, AIADMK:1, NTK:1, TVK:1, IND:8",Gandhirajan S,DMK,Paramasivam V P B,ADMK,17553,80.16,241813,118236,123573,4,Gandhirajan S,DMK,https://erolls.tn.gov.in/acwithcandidate_tnla2026/Form7A.aspx,2026-04-19
134,Aravakurichi,aravakurichi,Karur,30,9,22,"DMK:1, AIADMK:1, NTK:1, TVK:1, BSP:1",Elango. R,DMK,Annamalai. K,BJP,24816,81.92,194505,92738,101763,4,Elango. R,DMK,https://erolls.tn.gov.in/acwithcandidate_tnla2026/Form7A.aspx,2026-04-19
135,Karur,karur,Karur,79,9,71,"DMK:1, AIADMK:1, NTK:1, TVK:1, BSP:1",Senthilbalaji V,DMK,Vijayabhaskar. M.R,ADMK,12448,83.57,226584,106684,119859,41,Senthilbalaji V,DMK,https://erolls.tn.gov.in/acwithcandidate_tnla2026/Form7A.aspx,2026-04-19
136,Krishnarayapuram,krishnarayapuram,Karur,28,10,19,"DMK:1, AIADMK:1, NTK:1, TVK:1, BSP:1",Sivagama Sundari.K,DMK,Muthukumar,ADMK,31625,84.17,202087,98262,103794,31,Sivagama Sundari.K,DMK,https://erolls.tn.gov.in/acwithcandidate_tnla2026/Form7A.aspx,2026-04-19
137,Kulithalai,kulithalai,Karur,29,6,24,"DMK:1, AIADMK:1, NTK:1, TVK:1, IND:24",R.Manickam,DMK,N.R.Chandrasekar,ADMK,23540,86.16,221988,108343,113638,7,R.Manickam,DMK,https://erolls.tn.gov.in/acwithcandidate_tnla2026/Form7A.aspx,2026-04-19
138,Manapparai,manapparai,Tiruchirappalli,18,8,11,"DMK:1, AIADMK:1, NTK:1, TVK:1, IND:11",Abdul Samad P,DMK,Chandrasekar.R,ADMK,12243,76.02,266019,131212,134798,9,Abdul Samad P,DMK,https://erolls.tn.gov.in/acwithcandidate_tnla2026/Form7A.aspx,2026-04-19
139,Srirangam,srirangam,Tiruchirappalli,21,12,10,"DMK:1, AIADMK:1, NTK:1, TVK:1, BSP:1",Palaniyandi.M,DMK,Kupa Krishnan,ADMK,19915,76.15,283862,137694,146120,48,Palaniyandi.M,DMK,https://erolls.tn.gov.in/acwithcandidate_tnla2026/Form7A.aspx,2026-04-19
140,Tiruchirappalli (West),tiruchirappalli-west,Tiruchirappalli,14,8,7,"DMK:1, NTK:1, TVK:1, BSP:1, IND:7","Nehru, K.N.",DMK,"Padmanathan, V.",ADMK,85109,67.01,,,,,"Nehru, K.N.",DMK,https://erolls.tn.gov.in/acwithcandidate_tnla2026/Form7A.aspx,2026-04-19
141,Tiruchirappalli (East),tiruchirappalli-east,Tiruchirappalli,20,14,7,"DMK:1, AIADMK:1, NTK:1, TVK:1, BSP:1","Inigo Irudayaraj,S.",DMK,"Vellamandi Natarajan,N.",ADMK,53797,66.87,,,,,"Inigo Irudayaraj,S.",DMK,https://erolls.tn.gov.in/acwithcandidate_tnla2026/Form7A.aspx,2026-04-19
142,Thiruverumbur,thiruverumbur,Tiruchirappalli,26,10,17,"DMK:1, AIADMK:1, NTK:1, TVK:1, BSP:1",Anbil Mahesh Poyyamozhi,DMK,P Kumar,ADMK,49697,66.59,,,,,Anbil Mahesh Poyyamozhi,DMK,https://erolls.tn.gov.in/acwithcandidate_tnla2026/Form7A.aspx,2026-04-19
143,Lalgudi,lalgudi,Tiruchirappalli,24,11,14,"DMK:1, AIADMK:1, NTK:1, TVK:1, BSP:1",A.Soundarapandian,DMK,D.R.Dharmaraj,ADMK,16949,79.23,211043,102156,108861,26,A.Soundarapandian,DMK,https://erolls.tn.gov.in/acwithcandidate_tnla2026/Form7A.aspx,2026-04-19
144,Manachanallur,manachanallur,Tiruchirappalli,22,10,13,"DMK:1, AIADMK:1, NTK:1, TVK:1, BSP:1",S. Kathiravan,DMK,M. Paranjothi,ADMK,59618,79.63,234217,113256,120924,37,S. Kathiravan,DMK,https://erolls.tn.gov.in/acwithcandidate_tnla2026/Form7A.aspx,2026-04-19
145,Musiri,musiri,Tiruchirappalli,11,10,2,"DMK:1, AIADMK:1, NTK:1, TVK:1, IND:2",N. Thiyagarajan,DMK,M. Selvarasu,ADMK,26836,75.98,212612,103631,108965,16,N. Thiyagarajan,DMK,https://erolls.tn.gov.in/acwithcandidate_tnla2026/Form7A.aspx,2026-04-19
146,Thuraiyur,thuraiyur,Tiruchirappalli,15,8,8,"AIADMK:1, INC:1, NTK:1, TVK:1, BSP:1",S.Stalinkumar,DMK,T.Indragandhi,ADMK,22071,76.63,209011,101144,107837,30,S.Stalinkumar,DMK,https://erolls.tn.gov.in/acwithcandidate_tnla2026/Form7A.aspx,2026-04-19
147,Perambalur,perambalur,Perambalur,11,7,5,"DMK:1, AIADMK:1, NTK:1, TVK:1, BSP:1","Prabhaharan, M.",DMK,"Thamizhselvan, R.",ADMK,31034,78.2,288449,139914,148507,28,"Prabhaharan, M.",DMK,https://erolls.tn.gov.in/acwithcandidate_tnla2026/Form7A.aspx,2026-04-19
148,Kunnam,kunnam,Perambalur,19,9,11,"DMK:1, AIADMK:1, NTK:1, TVK:1, BSP:1","Sivasankar, S.S.",DMK,"Ramachandran, R.T.",ADMK,6329,80.05,266682,131720,134959,3,"Sivasankar, S.S.",DMK,https://erolls.tn.gov.in/acwithcandidate_tnla2026/Form7A.aspx,2026-04-19
149,Ariyalur,ariyalur,Ariyalur,15,9,7,"DMK:1, AIADMK:1, NTK:1, TVK:1, BSP:1",Chinnappa K,DMK,Rajendran S,ADMK,3234,84.54,261161,129521,131624,16,Chinnappa K,DMK,https://erolls.tn.gov.in/acwithcandidate_tnla2026/Form7A.aspx,2026-04-19
150,Jayankondam,jayankondam,Ariyalur,19,12,8,"DMK:1, NTK:1, TVK:1, BSP:1, IND:8",Kannan Ka So Ka,DMK,Balu K,PMK,5452,80.38,261793,129713,132068,12,Kannan Ka So Ka,DMK,https://erolls.tn.gov.in/acwithcandidate_tnla2026/Form7A.aspx,2026-04-19
151,Tittakudi,tittakudi,Cuddalore,14,10,5,"DMK:1, AIADMK:1, NTK:1, TVK:1, BSP:1","Ganesan,  C.V.",DMK,"Periyasamy,  D.",BJP,21563,76.3,206770,101774,104992,4,"Ganesan,  C.V.",DMK,https://erolls.tn.gov.in/acwithcandidate_tnla2026/Form7A.aspx,2026-04-19
152,Vriddhachalam,vriddhachalam,Cuddalore,18,11,8,"NTK:1, TVK:1, BSP:1, IND:8, ACDP:1",Radhakrishnan,INC,Karthikeyan. J,PMK,862,77.02,237836,118319,119495,22,Radhakrishnan,INC,https://erolls.tn.gov.in/acwithcandidate_tnla2026/Form7A.aspx,2026-04-19
153,Neyveli,neyveli,Cuddalore,11,8,4,"DMK:1, AIADMK:1, NTK:1, TVK:1, BSP:1",Saba.Rajendran,DMK,Jagan.K,PMK,977,74.25,189024,94505,94503,16,Saba.Rajendran,DMK,https://erolls.tn.gov.in/acwithcandidate_tnla2026/Form7A.aspx,2026-04-19
154,Panruti,panruti,Cuddalore,9,8,2,"AIADMK:1, NTK:1, TVK:1, BSP:1, IND:2",Velmurugan.T,DMK,Rajendran.R,ADMK,4697,79.6,240048,116476,123504,68,Velmurugan.T,DMK,https://erolls.tn.gov.in/acwithcandidate_tnla2026/Form7A.aspx,2026-04-19
155,Cuddalore,cuddalore,Cuddalore,15,8,8,"AIADMK:1, INC:1, NTK:1, TVK:1, BSP:1",G.Iyappan,DMK,M.C.Sampath,ADMK,5151,74.77,221152,105300,115773,79,G.Iyappan,DMK,https://erolls.tn.gov.in/acwithcandidate_tnla2026/Form7A.aspx,2026-04-19
156,Kurinjipadi,kurinjipadi,Cuddalore,11,8,4,"DMK:1, AIADMK:1, NTK:1, TVK:1, BSP:1",M.R.K.Panneerselvam,DMK,Selvi Ramajayam,ADMK,17527,82.06,236297,116013,120238,46,M.R.K.Panneerselvam,DMK,https://erolls.tn.gov.in/acwithcandidate_tnla2026/Form7A.aspx,2026-04-19
157,Bhuvanagiri,bhuvanagiri,Cuddalore,13,7,7,"DMK:1, AIADMK:1, NTK:1, TVK:1, BSP:1",Arunmozhithevan. A,ADMK,Saravanan. Durai.K,DMK,8259,78.57,230968,114785,116164,19,Arunmozhithevan. A,ADMK,https://erolls.tn.gov.in/acwithcandidate_tnla2026/Form7A.aspx,2026-04-19
158,Chidambaram,chidambaram,Cuddalore,11,7,5,"DMK:1, AIADMK:1, NTK:1, TVK:1, IND:5",K.A. Pandian,ADMK,S. Abdul Rahman,IUML,16937,71.93,229136,112664,116443,29,K.A. Pandian,ADMK,https://erolls.tn.gov.in/acwithcandidate_tnla2026/Form7A.aspx,2026-04-19
159,Kattumannarkoil,kattumannarkoil,Cuddalore,11,10,2,"NTK:1, TVK:1, BSP:1, IND:2, AIJMK:1",Sinthanai Selvan,VCK,N. Murugumaran,ADMK,10565,75.87,224565,111691,112864,10,Sinthanai Selvan,VCK,https://erolls.tn.gov.in/acwithcandidate_tnla2026/Form7A.aspx,2026-04-19
160,Sirkazhi,sirkazhi,Mayiladuthurai,10,10,1,"DMK:1, AIADMK:1, NTK:1, TVK:1, BSP:1",Panneerselvam,DMK,P.V.Bharathi,ADMK,12148,74.91,,,,,Panneerselvam,DMK,https://erolls.tn.gov.in/acwithcandidate_tnla2026/Form7A.aspx,2026-04-19
161,Mayiladuthurai,mayiladuthurai,Mayiladuthurai,20,10,11,"INC:1, NTK:1, TVK:1, BSP:1, IND:11",Rajakumar.S,INC,Palanisamy.A,PMK,2742,70.14,232618,114613,117979,26,Rajakumar.S,INC,https://erolls.tn.gov.in/acwithcandidate_tnla2026/Form7A.aspx,2026-04-19
162,Poompuhar,poompuhar,Mayiladuthurai,13,7,7,"DMK:1, AIADMK:1, NTK:1, TVK:1, BSP:1",Nivedha M. Murugan,DMK,S.Pavunraj,ADMK,3299,75.19,257129,127071,130050,8,Nivedha M. Murugan,DMK,https://erolls.tn.gov.in/acwithcandidate_tnla2026/Form7A.aspx,2026-04-19
163,Nagapattinam,nagapattinam,Nagapattinam,13,8,6,"DMK:1, AIADMK:1, NTK:1, TVK:1, IND:6",J. Mohamed Shanavas,VCK,Thanka.Kathiravan,ADMK,7238,71.97,172979,84493,88464,22,J. Mohamed Shanavas,VCK,https://erolls.tn.gov.in/acwithcandidate_tnla2026/Form7A.aspx,2026-04-19
164,Kilvelur,kilvelur,Nagapattinam,7,7,1,"NTK:1, TVK:1, IND:1, AJPK:1, CPOIM:1",Nagaimaali V P,CPM,Vadivel Ravanan  S,PMK,16985,79.43,168934,83392,85535,7,Nagaimaali V P,CPM,https://erolls.tn.gov.in/acwithcandidate_tnla2026/Form7A.aspx,2026-04-19
165,Vedaranyam,vedaranyam,Nagapattinam,11,6,6,"DMK:1, AIADMK:1, NTK:1, TVK:1, IND:6",O.S.Manian,ADMK,S.K.Vetharathinam,DMK,12329,80.6,186034,91735,94299,0,O.S.Manian,ADMK,https://erolls.tn.gov.in/acwithcandidate_tnla2026/Form7A.aspx,2026-04-19
166,Thiruthuraipoondi,thiruthuraipoondi,Tiruvarur,9,7,3,"AIADMK:1, NTK:1, TVK:1, BSP:1, IND:3",Marimuthu K,CPI,Suresh Kumar C,ADMK,30068,76.74,,,,,Marimuthu K,CPI,https://erolls.tn.gov.in/acwithcandidate_tnla2026/Form7A.aspx,2026-04-19
167,Mannargudi,mannargudi,Tiruvarur,15,10,6,"DMK:1, NTK:1, TVK:1, BSP:1, IND:6",Rajaa T R B,DMK,Rajamanickam  Siva,ADMK,37393,74.34,231935,112530,119401,4,Rajaa T R B,DMK,https://erolls.tn.gov.in/acwithcandidate_tnla2026/Form7A.aspx,2026-04-19
168,Thiruvarur,thiruvarur,Tiruvarur,8,7,2,"DMK:1, BJP:1, NTK:1, TVK:1, IND:2",Kalaivanan  Poondi  K.,DMK,Pannerselvam A.N.R.,ADMK,51174,73.25,257892,126054,131818,20,Kalaivanan  Poondi  K.,DMK,https://erolls.tn.gov.in/acwithcandidate_tnla2026/Form7A.aspx,2026-04-19
169,Nannilam,nannilam,Tiruvarur,14,8,7,"DMK:1, AIADMK:1, NTK:1, TVK:1, IND:7",Kamaraj R,ADMK,Jothiraman  S,DMK,4424,81.08,264462,131094,133352,16,Kamaraj R,ADMK,https://erolls.tn.gov.in/acwithcandidate_tnla2026/Form7A.aspx,2026-04-19
170,Thiruvidaimarudur,thiruvidaimarudur,Thanjavur,14,8,7,"DMK:1, AIADMK:1, NTK:1, TVK:1, BSP:1","Chezhiaan,  Govi.",DMK,"Union Veeramani, S.",ADMK,10680,75.76,,,,,"Chezhiaan,  Govi.",DMK,https://erolls.tn.gov.in/acwithcandidate_tnla2026/Form7A.aspx,2026-04-19
171,Kumbakonam,kumbakonam,Thanjavur,13,7,7,"DMK:1, BJP:1, NTK:1, TVK:1, IND:7","Anbalagan, G.",DMK,"Srithar Vandayar, G.M.",ADMK,21383,71.45,251868,122383,129469,16,"Anbalagan, G.",DMK,https://erolls.tn.gov.in/acwithcandidate_tnla2026/Form7A.aspx,2026-04-19
172,Papanasam,papanasam,Thanjavur,13,8,6,"AIADMK:1, NTK:1, TVK:1, IND:6, CPOIMLL:1","Dr.Jawahirullah, M.H.",DMK,"Gopinathan, K.",ADMK,16273,74.76,254652,123838,130791,23,"Dr.Jawahirullah, M.H.",DMK,https://erolls.tn.gov.in/acwithcandidate_tnla2026/Form7A.aspx,2026-04-19
173,Thiruvaiyaru,thiruvaiyaru,Thanjavur,13,8,6,"DMK:1, NTK:1, TVK:1, IND:6, AMMK:1",Durai.Chandrasekaran,DMK,"Venkatesan, S.",BJP,53650,78.11,256377,125357,131000,20,Durai.Chandrasekaran,DMK,https://erolls.tn.gov.in/acwithcandidate_tnla2026/Form7A.aspx,2026-04-19
174,Thanjavur,thanjavur,Thanjavur,11,7,5,"DMK:1, BJP:1, NTK:1, TVK:1, IND:5","Neelamegam, T.K.G.",DMK,"Arivudainambi, V.",ADMK,47149,65.72,249064,118648,130369,47,"Neelamegam, T.K.G.",DMK,https://erolls.tn.gov.in/acwithcandidate_tnla2026/Form7A.aspx,2026-04-19
175,Orathanadu,orathanadu,Thanjavur,9,7,3,"DMK:1, AIADMK:1, NTK:1, TVK:1, IND:3","Vaithilingam, R.",ADMK,"Ramchandran, M.",DMK,28835,78.29,,,,,"Vaithilingam, R.",ADMK,https://erolls.tn.gov.in/acwithcandidate_tnla2026/Form7A.aspx,2026-04-19
176,Pattukkottai,pattukkottai,Thanjavur,11,6,6,"DMK:1, AIADMK:1, NTK:1, TVK:1, IND:6","Annadurai, K.",DMK,"Rengarajan, N.R.",ADMK,25269,71.66,240954,115354,125580,20,"Annadurai, K.",DMK,https://erolls.tn.gov.in/acwithcandidate_tnla2026/Form7A.aspx,2026-04-19
177,Peravurani,peravurani,Thanjavur,10,8,3,"DMK:1, AIADMK:1, NTK:1, TVK:1, IND:3","Ashokkumar, N.",DMK,"Thirugnanasambandam, S.V.",ADMK,23503,77.02,212826,104268,108543,15,"Ashokkumar, N.",DMK,https://erolls.tn.gov.in/acwithcandidate_tnla2026/Form7A.aspx,2026-04-19
178,Gandarvakkottai,gandarvakkottai,Pudukkottai,10,6,5,"BJP:1, NTK:1, TVK:1, IND:5, CPOIM:1",M.Chinnadurai,CPM,S.Jayabharathi,ADMK,12721,74.45,,,,,M.Chinnadurai,CPM,https://erolls.tn.gov.in/acwithcandidate_tnla2026/Form7A.aspx,2026-04-19
179,Viralimalai,viralimalai,Pudukkottai,26,8,19,"DMK:1, AIADMK:1, NTK:1, TVK:1, IND:19",Vijaya Basker C,ADMK,Palaniappan,DMK,23598,85.43,223084,110011,113040,33,Vijaya Basker C,ADMK,https://erolls.tn.gov.in/acwithcandidate_tnla2026/Form7A.aspx,2026-04-19
180,Pudukkottai,pudukkottai,Pudukkottai,30,10,21,"DMK:1, BJP:1, NTK:1, TVK:1, IND:21",V . Muthuraja,DMK,Karthik Thondaiman,ADMK,13001,72.94,223928,109962,113943,23,V . Muthuraja,DMK,https://erolls.tn.gov.in/acwithcandidate_tnla2026/Form7A.aspx,2026-04-19
181,Thirumayam,thirumayam,Pudukkottai,14,9,6,"DMK:1, AIADMK:1, NTK:1, TVK:1, IND:6",S.Regupathy,DMK,P.K.Vairamuthu,ADMK,1382,75.85,219279,107006,112270,3,S.Regupathy,DMK,https://erolls.tn.gov.in/acwithcandidate_tnla2026/Form7A.aspx,2026-04-19
182,Alangudi,alangudi,Pudukkottai,14,8,7,"DMK:1, AIADMK:1, NTK:1, TVK:1, IND:7",Siva.V.Meyyanathan,DMK,Dharma Thangavel,ADMK,25847,78.47,210296,103987,106309,0,Siva.V.Meyyanathan,DMK,https://erolls.tn.gov.in/acwithcandidate_tnla2026/Form7A.aspx,2026-04-19
183,Aranthangi,aranthangi,Pudukkottai,15,6,10,"BJP:1, INC:1, NTK:1, TVK:1, IND:10",Ramachandran T,INC,Rajanayagam M,ADMK,30893,70.21,,,,,Ramachandran T,INC,https://erolls.tn.gov.in/acwithcandidate_tnla2026/Form7A.aspx,2026-04-19
184,Karaikudi,karaikudi,Sivaganga,25,10,16,"INC:1, NTK:1, TVK:1, BSP:1, IND:16",S.Mangudi,INC,H.Raja,BJP,21589,66.23,303371,148087,155256,28,S.Mangudi,INC,https://erolls.tn.gov.in/acwithcandidate_tnla2026/Form7A.aspx,2026-04-19
185,Tiruppattur,tiruppattur,Sivaganga,15,6,10,"DMK:1, BJP:1, NTK:1, TVK:1, IND:10",Pr. Senthilnathan,ADMK,S. Gunasekaran,CPI,11253,66.29,276156,135113,141039,4,Pr. Senthilnathan,ADMK,https://erolls.tn.gov.in/acwithcandidate_tnla2026/Form7A.aspx,2026-04-19
186,Sivaganga,sivaganga,Sivaganga,17,10,8,"DMK:1, AIADMK:1, NTK:1, TVK:1, BSP:1",Tamilarasi A.,DMK,Nagarajan S.,ADMK,14091,72.05,257616,126565,131048,3,Tamilarasi A.,DMK,https://erolls.tn.gov.in/acwithcandidate_tnla2026/Form7A.aspx,2026-04-19
187,Manamadurai,manamadurai,Madurai,14,9,6,"DMK:1, BJP:1, NTK:1, TVK:1, IND:6",Periyapullan @ Selvam  P.,ADMK,Ravichandran  T.,INC,35162,74.23,227789,113091,114687,11,Periyapullan @ Selvam  P.,ADMK,https://erolls.tn.gov.in/acwithcandidate_tnla2026/Form7A.aspx,2026-04-19
188,Melur,melur,Madurai,13,8,6,"AIADMK:1, INC:1, NTK:1, TVK:1, IND:6",Moorthy P,DMK,Gopalakrishnan R,ADMK,49604,71.34,330993,161361,169579,53,Moorthy P,DMK,https://erolls.tn.gov.in/acwithcandidate_tnla2026/Form7A.aspx,2026-04-19
189,Madurai East,madurai-east,Madurai,15,8,8,"DMK:1, AIADMK:1, NTK:1, TVK:1, IND:8",Venkatesan A,DMK,Manickam K,ADMK,17045,79.49,212502,104246,108243,13,Venkatesan A,DMK,https://erolls.tn.gov.in/acwithcandidate_tnla2026/Form7A.aspx,2026-04-19
190,Sholavandan,sholavandan,Madurai,14,9,6,"DMK:1, AIADMK:1, NTK:1, TVK:1, IND:6",Thalapathi G,DMK,Saravanan P,BJP,22916,63.6,218719,106263,112410,46,Thalapathi G,DMK,https://erolls.tn.gov.in/acwithcandidate_tnla2026/Form7A.aspx,2026-04-19
191,Madurai North,madurai-north,Madurai,13,7,7,"DMK:1, AIADMK:1, NTK:1, TVK:1, IND:7",Boominathan.M,DMK,Saravanan. S.S,ADMK,6515,63.8,177605,87179,90378,48,Boominathan.M,DMK,https://erolls.tn.gov.in/acwithcandidate_tnla2026/Form7A.aspx,2026-04-19
192,Madurai South,madurai-south,Madurai,6,6,1,"DMK:1, BJP:1, NTK:1, TVK:1, IND:1",Palanivel Thiaga Rajan,DMK,Jothi Muthuramalingam N,ADMK,34176,61.03,196856,95632,101198,26,Palanivel Thiaga Rajan,DMK,https://erolls.tn.gov.in/acwithcandidate_tnla2026/Form7A.aspx,2026-04-19
193,Madurai Central,madurai-central,Madurai,12,7,6,"DMK:1, AIADMK:1, NTK:1, TVK:1, BSP:1",Raju. K,ADMK,Chinnammal. C,DMK,9121,65.12,271341,133116,138214,11,Raju. K,ADMK,https://erolls.tn.gov.in/acwithcandidate_tnla2026/Form7A.aspx,2026-04-19
194,Madurai West,madurai-west,Madurai,14,7,8,"DMK:1, AIADMK:1, NTK:1, TVK:1, IND:8","Rajanchellappa, V.V.",ADMK,Ponnuthai,CPM,29489,72.73,307783,150596,157157,30,"Rajanchellappa, V.V.",ADMK,https://erolls.tn.gov.in/acwithcandidate_tnla2026/Form7A.aspx,2026-04-19
195,Thiruparankundram,thiruparankundram,Madurai,15,11,5,"DMK:1, AIADMK:1, NTK:1, TVK:1, IND:5",Udhayakumar R B,ADMK,Manimaran M,DMK,14087,78.13,259225,125756,133461,8,Udhayakumar R B,ADMK,https://erolls.tn.gov.in/acwithcandidate_tnla2026/Form7A.aspx,2026-04-19
196,Thirumangalam,thirumangalam,Madurai,15,8,8,"DMK:1, AIADMK:1, NTK:1, TVK:1, IND:8",Ayyappan P,ADMK,Kathiravan P V,DMK,7477,73.82,264141,131411,132724,6,Ayyappan P,ADMK,https://erolls.tn.gov.in/acwithcandidate_tnla2026/Form7A.aspx,2026-04-19
197,Usilampatti,usilampatti,Theni,12,7,6,"AIADMK:1, INC:1, NTK:1, TVK:1, BSP:1",A.Maharajan,DMK,A.Logirajan,ADMK,8538,74.85,254549,124591,129928,30,A.Maharajan,DMK,https://erolls.tn.gov.in/acwithcandidate_tnla2026/Form7A.aspx,2026-04-19
198,Andipatti,andipatti,Theni,18,11,8,"DMK:1, AIADMK:1, NTK:1, TVK:1, BSP:1",K.S.Saravanakumaar,DMK,M Murugan,ADMK,21321,69.94,263547,128368,135070,109,K.S.Saravanakumaar,DMK,https://erolls.tn.gov.in/acwithcandidate_tnla2026/Form7A.aspx,2026-04-19
199,Periyakulam,periyakulam,Theni,13,7,7,"NTK:1, TVK:1, IND:7, AMMK:1, PT:1",O.Panneerselvam,ADMK,Thangatamilselvan,DMK,11021,76.3,261631,126856,134760,15,O.Panneerselvam,ADMK,https://erolls.tn.gov.in/acwithcandidate_tnla2026/Form7A.aspx,2026-04-19
200,Bodinayakanur,bodinayakanur,Theni,15,8,8,"DMK:1, AIADMK:1, NTK:1, TVK:1, IND:8",N.Ramakrishnan,DMK,Syedukhan.S.P.M,ADMK,42413,69.51,253646,122496,131129,21,N.Ramakrishnan,DMK,https://erolls.tn.gov.in/acwithcandidate_tnla2026/Form7A.aspx,2026-04-19
201,Cumbum,cumbum,Virudhunagar,19,7,13,"DMK:1, AIADMK:1, NTK:1, TVK:1, IND:13",Thangapandian S.,DMK,Rajenthrabhalaji K.T,ADMK,3898,73.89,212220,103236,108951,33,Thangapandian S.,DMK,https://erolls.tn.gov.in/acwithcandidate_tnla2026/Form7A.aspx,2026-04-19
202,Rajapalayam,rajapalayam,Virudhunagar,22,8,15,"DMK:1, BJP:1, NTK:1, TVK:1, IND:15","Manraj, E.M.",ADMK,"Madhavarao, P.S.W.",INC,12738,73.14,222367,108109,114218,40,"Manraj, E.M.",ADMK,https://erolls.tn.gov.in/acwithcandidate_tnla2026/Form7A.aspx,2026-04-19
203,Srivilliputhur,srivilliputhur,Virudhunagar,14,8,7,"AIADMK:1, NTK:1, TVK:1, IND:7, AIPTMMK:1","Raghuraman,  A.R.R.",DMK,"Ravichandhran, R.K.",ADMK,11179,75.17,227963,110693,117207,63,"Raghuraman,  A.R.R.",DMK,https://erolls.tn.gov.in/acwithcandidate_tnla2026/Form7A.aspx,2026-04-19
204,Sattur,sattur,Virudhunagar,22,10,13,"DMK:1, BJP:1, NTK:1, TVK:1, BSP:1",Ashokan.G,INC,Lakshmi Ganesan,ADMK,17319,70.16,225461,109420,116013,28,Ashokan.G,INC,https://erolls.tn.gov.in/acwithcandidate_tnla2026/Form7A.aspx,2026-04-19
205,Sivakasi,sivakasi,Virudhunagar,14,9,6,"AIADMK:1, INC:1, NTK:1, TVK:1, BSP:1",Seenivasan A.R.R,DMK,Pandurangan G,BJP,21339,71.27,198616,96436,102141,39,Seenivasan A.R.R,DMK,https://erolls.tn.gov.in/acwithcandidate_tnla2026/Form7A.aspx,2026-04-19
206,Virudhunagar,virudhunagar,Virudhunagar,15,8,8,"AIADMK:1, NTK:1, TVK:1, IND:8, DMDK:1",K.K.S.S.R.Ramachandran,DMK,Vaigaichelvan,ADMK,39034,75.6,,,,,K.K.S.S.R.Ramachandran,DMK,https://erolls.tn.gov.in/acwithcandidate_tnla2026/Form7A.aspx,2026-04-19
207,Aruppukkottai,aruppukkottai,Virudhunagar,25,10,16,"DMK:1, AIADMK:1, NTK:1, TVK:1, IND:16",Thangam Thenarasu,DMK,Rajasekar S,ADMK,60992,77.46,204293,100645,103634,14,Thangam Thenarasu,DMK,https://erolls.tn.gov.in/acwithcandidate_tnla2026/Form7A.aspx,2026-04-19
208,Tiruchuli,tiruchuli,Ramanathapuram,23,10,14,"DMK:1, AIADMK:1, NTK:1, TVK:1, IND:14",Murugesan S,DMK,Sadhan Prabhakar N,ADMK,13285,70.59,233433,115701,117714,18,Murugesan S,DMK,https://erolls.tn.gov.in/acwithcandidate_tnla2026/Form7A.aspx,2026-04-19
209,Paramakudi,paramakudi,Ramanathapuram,12,7,6,"DMK:1, AIADMK:1, NTK:1, TVK:1, IND:6",Karumanickam,INC,K C Animuthu,ADMK,13852,68.72,282121,140103,141997,21,Karumanickam,INC,https://erolls.tn.gov.in/acwithcandidate_tnla2026/Form7A.aspx,2026-04-19
210,Tiruvadanai,tiruvadanai,Ramanathapuram,21,10,12,"AIADMK:1, INC:1, NTK:1, TVK:1, BSP:1",Katharbatcha Muthuramalingam,DMK,D.Kuppuramu,BJP,50479,68.81,310165,152412,157740,13,Katharbatcha Muthuramalingam,DMK,https://erolls.tn.gov.in/acwithcandidate_tnla2026/Form7A.aspx,2026-04-19
211,Ramanathapuram,ramanathapuram,Ramanathapuram,13,8,6,"DMK:1, BJP:1, NTK:1, TVK:1, IND:6",R.S.Rajakannappan,DMK,Keerthika,ADMK,20721,70.29,,,,,R.S.Rajakannappan,DMK,https://erolls.tn.gov.in/acwithcandidate_tnla2026/Form7A.aspx,2026-04-19
212,Mudhukulathur,mudhukulathur,Thoothukudi,20,11,10,"DMK:1, AIADMK:1, NTK:1, TVK:1, IND:10",Markandayan V,DMK,Chinnappan P,ADMK,38549,76.52,203732,99913,103804,15,Markandayan V,DMK,https://erolls.tn.gov.in/acwithcandidate_tnla2026/Form7A.aspx,2026-04-19
213,Vilathikulam,vilathikulam,Thoothukudi,15,8,8,"DMK:1, AIADMK:1, NTK:1, TVK:1, IND:8",P.Geetha Jeevan,DMK,Sdr Vijayaseelan,ADMK,50310,65.07,248300,120614,127623,63,P.Geetha Jeevan,DMK,https://erolls.tn.gov.in/acwithcandidate_tnla2026/Form7A.aspx,2026-04-19
214,Thoothukkudi,thoothukkudi,Thoothukudi,15,11,5,"DMK:1, AIADMK:1, NTK:1, TVK:1, IND:5",Anitha R. Radhakrishnan,DMK,Radhakrishnan M,ADMK,25263,70.04,230702,112367,118305,30,Anitha R. Radhakrishnan,DMK,https://erolls.tn.gov.in/acwithcandidate_tnla2026/Form7A.aspx,2026-04-19
215,Tiruchendur,tiruchendur,Thoothukudi,13,9,5,"DMK:1, BJP:1, NTK:1, TVK:1, IND:5",Amirtharaj .S,INC,S.P.Shunmuganathan,ADMK,17372,72.34,212885,105099,107782,4,Amirtharaj .S,INC,https://erolls.tn.gov.in/acwithcandidate_tnla2026/Form7A.aspx,2026-04-19
216,Srivaikuntam,srivaikuntam,Thoothukudi,15,12,4,"AIADMK:1, INC:1, NTK:1, TVK:1, IND:4",Shunmugaiah C,DMK,Mohan P,ADMK,8510,69.82,240988,117432,123502,54,Shunmugaiah C,DMK,https://erolls.tn.gov.in/acwithcandidate_tnla2026/Form7A.aspx,2026-04-19
217,Ottapidaram,ottapidaram,Thoothukudi,13,9,5,"DMK:1, NTK:1, TVK:1, IND:5, AMMK:1",Kadambur Raju,ADMK,Ttv Dhinakaran,AMMK,12403,67.43,240017,116317,123673,27,Kadambur Raju,ADMK,https://erolls.tn.gov.in/acwithcandidate_tnla2026/Form7A.aspx,2026-04-19
218,Kovilpatti,kovilpatti,Tenkasi,21,10,12,"DMK:1, AIADMK:1, NTK:1, TVK:1, BSP:1",Raja E,DMK,Rajalakshmi V M,ADMK,5297,71.48,236532,114876,121639,17,Raja E,DMK,https://erolls.tn.gov.in/acwithcandidate_tnla2026/Form7A.aspx,2026-04-19
219,Sankarankovil,sankarankovil,Tenkasi,20,13,8,"AIADMK:1, INC:1, NTK:1, TVK:1, BSP:1","Sadhan Thirumalaikumar, Doctor.T",DMK,Manoharan A,ADMK,2367,71.87,227369,110960,116396,13,"Sadhan Thirumalaikumar, Doctor.T",DMK,https://erolls.tn.gov.in/acwithcandidate_tnla2026/Form7A.aspx,2026-04-19
220,Vasudevanallur,vasudevanallur,Tenkasi,18,10,9,"DMK:1, BJP:1, NTK:1, TVK:1, BSP:1",C.Krishnamurali,ADMK,K.A.M.Muhammed Abubacker,IUML,24349,70.35,267517,132228,135272,17,C.Krishnamurali,ADMK,https://erolls.tn.gov.in/acwithcandidate_tnla2026/Form7A.aspx,2026-04-19
221,Kadayanallur,kadayanallur,Tenkasi,22,11,12,"DMK:1, AIADMK:1, NTK:1, TVK:1, BSP:1",Palani Nadar.S,INC,Selva Mohandas Pandian.S,ADMK,370,72.4,279585,136260,143223,102,Palani Nadar.S,INC,https://erolls.tn.gov.in/acwithcandidate_tnla2026/Form7A.aspx,2026-04-19
222,Tenkasi,tenkasi,Tenkasi,22,11,12,"DMK:1, AIADMK:1, NTK:1, TVK:1, BSP:1",Paul Manoj Pandian,ADMK,Dr.Poongothai Aladi Aruna,DMK,3539,77.4,253408,123739,129650,19,Paul Manoj Pandian,ADMK,https://erolls.tn.gov.in/acwithcandidate_tnla2026/Form7A.aspx,2026-04-19
223,Alangulam,alangulam,Tirunelveli,13,8,6,"DMK:1, AIADMK:1, NTK:1, TVK:1, IND:6",Nainar Nagenthran,BJP,"Lakshmanan,A.L.S.",DMK,23107,66.91,273520,132511,140929,80,Nainar Nagenthran,BJP,https://erolls.tn.gov.in/acwithcandidate_tnla2026/Form7A.aspx,2026-04-19
224,Tirunelveli,tirunelveli,Tirunelveli,20,12,9,"DMK:1, AIADMK:1, NTK:1, TVK:1, IND:9",E.Subaya,ADMK,R.Avudaiappan,DMK,16915,72.03,225714,109384,116318,12,E.Subaya,ADMK,https://erolls.tn.gov.in/acwithcandidate_tnla2026/Form7A.aspx,2026-04-19
225,Ambasamudram,ambasamudram,Tirunelveli,5,5,0,"AIADMK:1, INC:1, NTK:1, TVK:1, BSP:1",Abdul Wahab .M,DMK,Gerald .G,ADMK,52141,57.76,,,,,Abdul Wahab .M,DMK,https://erolls.tn.gov.in/acwithcandidate_tnla2026/Form7A.aspx,2026-04-19
226,Palayamkottai,palayamkottai,Tirunelveli,17,8,10,"DMK:1, AIADMK:1, NTK:1, TVK:1, IND:10",Ruby R Manoharan,INC,Ganesaraja,ADMK,16486,68.59,254420,125276,129130,14,Ruby R Manoharan,INC,https://erolls.tn.gov.in/acwithcandidate_tnla2026/Form7A.aspx,2026-04-19
227,Nanguneri,nanguneri,Tirunelveli,25,12,14,"INC:1, NTK:1, TVK:1, BSP:1, IND:14",M.Appavu,DMK,I.S.Inbadurai,ADMK,5925,68.08,244480,120458,124000,22,M.Appavu,DMK,https://erolls.tn.gov.in/acwithcandidate_tnla2026/Form7A.aspx,2026-04-19
228,Radhapuram,radhapuram,Kanyakumari,23,9,15,"DMK:1, BJP:1, NTK:1, TVK:1, BSP:1",Thalavai Sundaram N.,ADMK,Austin S.,DMK,16213,75.19,286968,141230,145643,95,Thalavai Sundaram N.,ADMK,https://erolls.tn.gov.in/acwithcandidate_tnla2026/Form7A.aspx,2026-04-19
229,Kanniyakumari,kanniyakumari,Kanyakumari,14,9,6,"DMK:1, AIADMK:1, NTK:1, TVK:1, IND:6",Gandhi M.R.,BJP,Suresh Rajan N.,DMK,11669,67.06,257022,125873,131139,10,Gandhi M.R.,BJP,https://erolls.tn.gov.in/acwithcandidate_tnla2026/Form7A.aspx,2026-04-19
230,Nagercoil,nagercoil,Kanyakumari,20,11,10,"DMK:1, BJP:1, NTK:1, TVK:1, IND:10",Prince J.G.,INC,Ramesh P.,BJP,24832,67.27,,,,,Prince J.G.,INC,https://erolls.tn.gov.in/acwithcandidate_tnla2026/Form7A.aspx,2026-04-19
231,Colachal,colachal,Kanyakumari,13,11,3,"BJP:1, INC:1, NTK:1, TVK:1, BSP:1","Mano Thangaraj, T.",DMK,"John Thankam, D.",ADMK,26885,70.08,234056,116895,117142,19,"Mano Thangaraj, T.",DMK,https://erolls.tn.gov.in/acwithcandidate_tnla2026/Form7A.aspx,2026-04-19
232,Padmanabhapuram,padmanabhapuram,Kanyakumari,11,8,4,"BJP:1, NTK:1, TVK:1, IND:4, CPOIM:1",Vijayadharani S,INC,Jayaseelan R,BJP,28669,66.83,225219,111990,113226,3,Vijayadharani S,INC,https://erolls.tn.gov.in/acwithcandidate_tnla2026/Form7A.aspx,2026-04-19
233,Vilavancode,vilavancode,Kanyakumari,14,9,6,"BJP:1, INC:1, NTK:1, TVK:1, IND:6",Rajesh Kumar  S,INC,Jude Dev   K.V,ADMK,55400,65.87,243837,123143,120678,16,Rajesh Kumar  S,INC,https://erolls.tn.gov.in/acwithcandidate_tnla2026/Form7A.aspx,2026-04-19
234,Killiyoor,killiyoor,Kanyakumari,13,8,6,"BJP:1, INC:1, NTK:1, TVK:1, IND:6",Rajesh Kumar  S,INC,Jude Dev   K.V,ADMK,55400,65.87,243837,123143,120678,16,Rajesh Kumar  S,INC,https://erolls.tn.gov.in/acwithcandidate_tnla2026/Form7A.aspx,2026-04-19
